Date,Alabama Natural Gas Residential Consumption (MMcf),Alaska Natural Gas Residential Consumption (MMcf),Arizona Natural Gas Residential Consumption (MMcf),Arkansas Natural Gas Residential Consumption (MMcf),California Natural Gas Residential Consumption (MMcf),Colorado Natural Gas Residential Consumption (MMcf),Connecticut Natural Gas Residential Consumption (MMcf),Delaware Natural Gas Residential Consumption (MMcf),District of Columbia Natural Gas Residential Consumption (MMcf),Florida Natural Gas Residential Consumption (MMcf),Georgia Natural Gas Residential Consumption (MMcf),Hawaii Natural Gas Residential Consumption (MMcf),Idaho Natural Gas Residential Consumption (MMcf),Illinois Natural Gas Residential Consumption (MMcf),Indiana Natural Gas Residential Consumption (MMcf),Iowa Natural Gas Residential Consumption (MMcf),Kansas Natural Gas Residential Consumption (MMcf),Kentucky Natural Gas Residential Consumption (MMcf),Louisiana Natural Gas Residential Consumption (MMcf),Maine Natural Gas Residential Consumption (MMcf),Maryland Natural Gas Residential Consumption (MMcf),Massachusetts Natural Gas Residential Consumption (MMcf),Michigan Natural Gas Residential Consumption (MMcf),Minnesota Natural Gas Residential Consumption (MMcf),Mississippi Natural Gas Residential Consumption (MMcf),Missouri Natural Gas Residential Consumption (MMcf),Montana Natural Gas Residential Consumption (MMcf),Nebraska Natural Gas Residential Consumption (MMcf),Nevada Natural Gas Residential Consumption (MMcf),New Hampshire Natural Gas Residential Consumption (MMcf),New Jersey Natural Gas Residential Consumption (MMcf),New Mexico Natural Gas Residential Consumption (MMcf),New York Natural Gas Residential Consumption (MMcf),North Carolina Natural Gas Residential Consumption (MMcf),North Dakota Natural Gas Residential Consumption (MMcf),Ohio Natural Gas Residential Consumption (MMcf),Oklahoma Natural Gas Residential Consumption (MMcf),Oregon Natural Gas Residential Consumption (MMcf),Pennsylvania Natural Gas Residential Consumption (MMcf),Rhode Island Natural Gas Residential Consumption (MMcf),South Carolina Natural Gas Residential Consumption (MMcf),South Dakota Natural Gas Residential Consumption (MMcf),Tennessee Natural Gas Residential Consumption (MMcf),Texas Natural Gas Residential Consumption (MMcf),Utah Natural Gas Residential Consumption (MMcf),Vermont Natural Gas Residential Consumption (MMcf),Virginia Natural Gas Residential Consumption (MMcf),Washington Natural Gas Residential Consumption (MMcf),West Virginia Natural Gas Residential Consumption (MMcf),Wisconsin Natural Gas Residential Consumption (MMcf),Wyoming Natural Gas Residential Consumption (MMcf),U.S. Natural Gas Residential Consumption (MMcf)
Jan-2010,9202.647,2730.32,7444.12,8272.083,70665.688,22720.141,8704.705,2196.748,2820.742,3116.607,29535.176,52.113,3788.355,83080.48,30876.93,15287.812,15725.64,11917.18,9629.402,219.126,17375.305,23140.634,57796.647,25820.463,5982.718,24105.426,3509.508,7871.82,7471.025,1305.066,43536.264,6701.55,71231.888,17239.094,2026.853,57269.818,16231.865,6654.442,43694.19,3138.183,7527.78,2612.436,16696.546,49861.664,11934.467,538.325,18930.111,11017.879,5549.2,25508.426,2339.629,932605.237
Feb-2010,7762.261,2053.692,6015.08,7327.315,58616.387,20633.201,7502.417,1942.137,2506.819,2589.572,24966.711,43.263,2964.66,68555.098,24541.798,11922.937,12444.91,10999.395,8149.634,186.125,14765.03,18680.652,49275.515,19729.668,5426.323,20194.083,2984.226,6848.318,5926.112,1033.387,37452.719,6296.852,64645.179,14707.783,1717.64,51953.213,13333.637,4893.067,39422.585,2824.369,6116.157,2119.262,14701.146,47290.422,8322.461,493.914,16980.703,8686.413,5003.355,19477.007,1753.994,794778.604
Mar-2010,6612.051,2121.359,5163.841,6265.884,52023.784,15525.946,5377.233,1308.843,1350.411,2780.699,16304.052,44.329,2631.688,53392.116,14592.412,8287.753,9662.869,6277.915,6964.981,144.161,8894.365,14524.708,36603.009,12766.509,4148.23,14366.601,2246.423,6392.173,4740.982,780.479,22975.162,5031.753,47703.062,7594.953,1184.946,34032.982,10556.222,4231.931,27737.193,1898.763,3938.784,1499.412,11128.224,34693.016,7635.839,357.05,9139.15,7948.422,2971.193,13192.928,1496.591,579243.382
Apr-2010,2987.217,1573.832,3034.312,2748.812,44708.279,10822.949,3131.213,584.778,541.781,1718.782,5574.7,49.669,2047.829,26704.606,6144.163,3515.738,4309.732,1847.64,2748.466,106.822,3761.271,8651.195,24548.167,5983.833,1353.176,5612.586,1753.579,3156.577,3254.79,464.163,11016.998,3400.031,26907.179,1937.137,563.971,15355.542,5125.317,3946.417,13189.811,856.695,1148.749,820.592,4021.999,14367.466,6559.894,270.067,3513.805,6867.62,1496.353,7185.206,1179.765,313171.271
May-2010,1142.784,945.974,1971.513,1032.514,33082.31,6961.674,2012.532,348.266,322.854,1131.116,4039.081,41.987,1400.707,15227.102,4395.457,2607.476,1982.913,1042.13,1462.871,62.048,2493.311,5520.413,13502.718,4939.486,657.057,3027.312,1335.555,1482.981,2285.911,299.453,8093.291,1817.709,17562.876,1252.486,446.707,9542.24,2211.116,2801.342,8275.764,633.284,533.072,628.359,1467.956,7534.282,4119.205,155.289,2130.256,4973.791,807.272,4861.215,908.186,197513.204
Jun-2010,841.734,666.846,1418.276,775.449,26822.094,3152.398,1185.16,228.022,262.345,769.446,3315.785,41.634,818.726,9805.444,2659.452,1410.91,1515.988,895.991,1329.866,35.27,1765.518,3973.658,7890.075,3059.328,638.763,2261.482,814.302,1041.075,1690.382,199.231,5261.544,1081.124,10723.369,941.737,217.078,5804.681,1485.882,1936.784,4803.422,416.565,487.207,260.036,1205.801,6111.831,2669.569,95.294,1769.145,3387.674,398.656,3202.574,493.554,134038.177
Jul-2010,732.868,630.004,1121.36,638.13,23450.441,2842.399,986.749,194.786,238.65,699.332,3221.433,43.395,439.475,7803.439,2412.225,1198.653,1149.745,844.881,1213.195,27.206,1648.808,3338.595,5928.913,2369.361,584.134,1638.405,466.073,740.876,1247.686,158.986,4509.838,836.761,8767.131,883.363,172.087,5218.45,1196.921,1144.163,3976.551,331.511,481.017,210.093,1036.427,5872.201,1749.077,72.738,1590.915,2179.688,350.171,2429.324,287.908,111306.538
Aug-2010,708.376,607.481,1032.928,624.65,22084.666,3081.156,1003.955,192.265,224.095,668.684,3271.509,41.225,419.549,7625.841,2494.447,1106.567,1008.962,840.437,1151.782,27.726,1363.01,4340.726,5356.578,2486.196,542.233,1622.092,365.354,704.965,1101.925,180.029,4790.487,816.608,8236.47,903.659,199.019,4787.921,1061.325,934.024,3989.085,467.495,424.269,195.561,956.03,5210.659,1468.72,63.968,1274.443,1926.857,387.333,2471.816,228.408,107073.566
Sep-2010,658.399,770.639,1115.535,643.836,22790.121,3241.615,951.384,179.953,243.78,675.111,3382.601,35.299,692.231,9040.885,2426.92,1285.202,1025.625,883.93,1213.555,31.429,1789.09,3935.254,6567.463,3089.654,579.717,1732.675,567.85,640.657,1227.143,152.652,4639.127,827.928,9952.283,1010.703,284.197,5838.046,1122.222,955.215,4602.628,395.852,498.012,273.583,1043.415,5365.025,1609.715,69.346,1671.055,2006.195,435.63,2833.309,295.452,117299.143
Oct-2010,839.259,1529.489,1376.502,913.79,27880.21,6978.051,1698.533,295.93,629.426,830.034,4947.032,37.171,1299.731,16144.061,5133.208,2213.339,1548.086,1858.037,1421.577,63.61,3245.076,7298.518,13581.903,5713.901,774.318,3041.794,1037.539,1056.463,1524.041,338.295,9362.513,1051.986,17571.119,1872.944,539.265,13256.517,1389.511,2073.282,9909.598,834.703,751.957,516.417,1741.632,6760.478,2998.983,172.589,3194.396,4898.319,1238.577,5597.28,599.305,201580.295
Nov-2010,2757.246,2018.966,2842.437,1910.027,45455.206,16283.571,3638.986,754.609,1352.492,1146.207,11283.219,36.831,3377.935,38480.394,14191.064,6890.258,5413.794,4923.365,2707.688,126.957,8221.759,12080.874,30198.891,13542.931,1763.125,8990.453,2452.659,3713.247,3160.788,663.475,23527.628,2355.482,37151.515,7009.953,1264.667,27344.493,2874.484,4946.754,21204.856,1779.665,2762.028,1371.599,5688.172,13797.829,7592.445,300.269,8266.192,10023.577,2796.148,12885.192,1478.836,446801.238
Dec-2010,7970.435,3065.42,5276.367,5087.202,67310.483,18981.227,6535.91,1899.176,3114.693,2618.714,28829.58,41.864,4094.356,80710.145,28547.103,12649.632,11328.276,12060.128,7523.188,203.101,18507.742,20116.532,53079.671,23491.8,4702.277,20796.53,3341.599,6483.049,5747.996,1163.231,43975.193,5035.357,70039.045,19166.381,1920.066,53298.885,8840.18,6303.635,42836.513,3365.071,7761.02,2307.889,14628.809,29579.995,9427.116,489.33,19697.283,11637.378,5587.344,23973.544,1853.458,847000.919
Jan-2011,9951.178,2862.042,7779.141,7821.976,70482.045,23711.36,8792.788,2456.108,2904.668,3392.091,28427.285,47.381,4320.981,89136.388,29955.321,14955.619,14974.741,12751.691,9050.563,268.729,18768.895,25365.391,63766.344,26128.555,5769.828,25159.168,3529.145,8497.018,7445.296,1390.816,48880.561,6500.84,77802.494,17009.368,2142.834,61412.713,14331.488,7092.944,49202.48,3638.436,7938.295,2628.329,17826.001,43059.912,12614.645,596.316,20343.928,12605.032,5694.557,26388.613,2202.96,969775.298
Feb-2011,6315.45,2755.124,6951.327,6900.58,65457.099,21127.058,8037.257,1762.895,2032.479,2452.663,16765.613,41.09,3719.143,68956.938,22288.219,11093.104,11875.569,8346.709,7403.902,234.306,12455.331,20442.821,51108.614,19841.737,4200.706,18439.581,3248.392,6808.646,5945.955,1219.176,35372.49,6593.838,65821.069,9733.61,1790.038,48824.745,10701.19,6525.022,38447.289,2861.219,4300.806,2076.056,11229.236,43878.279,9388.939,512.006,13184.024,11648.955,4049.234,20797.397,2030.961,767993.887
Mar-2011,3512.703,2287.042,4122.904,3990.194,51569.607,13419.522,6127.292,1382.885,1493.189,1675.558,11365.599,40.029,2889.73,54881.672,16729.672,9008.565,8028.341,6535.361,4037.667,193.911,10164.765,16901.784,45156.624,17243.622,3011.81,12595.809,3007.815,6004.207,4580.028,971.461,30676.408,4216.945,56515.804,7398.825,1643.025,42429.561,6184.505,5488.044,31234.216,2330.132,2810.3,1778.527,7676.002,21304.233,6905.052,449.295,10373.747,9925.746,3537.584,17622.241,1498.981,594928.541
Apr-2011,1942.457,1592.741,2478.842,2882.207,34837.937,9995.431,4344.264,747.241,903.63,1182.85,5385.692,43.692,2272.058,32122.341,8444.434,5065.799,4702.783,2584.055,1986.557,134.193,4989.726,9742.082,26117.202,8740.421,1062.875,5178.173,1655.879,2724.22,2953.479,594.386,15648.656,2304.79,34242.943,2890.145,885.975,22052.107,4214.616,4399.971,16311.755,1186.715,1280.799,1053.935,3857.756,9556.975,5984.186,368.31,4704.081,8127.908,1740.468,11137.692,1194.722,340552.152
May-2011,1362.732,990.011,1829.09,1319.378,32739.432,6304.909,2160.383,359.35,254.829,912.365,4386.782,41.373,1312.245,18575.011,5141.347,2560.799,2125.043,1794.443,1618.629,70.775,2573.705,6920.631,12035.114,5321.356,857.62,3769.98,862.934,1654.8,2059.401,316.771,7830.557,1640.839,16759.687,1347.733,464.507,11864.589,2274.154,2719.85,7914.129,690.296,690.669,540.213,1944.405,7431.124,4033.007,137.007,2261.814,4993.411,801.459,5941.074,887.226,205398.988
Jun-2011,844.302,712.444,1397.997,812.917,27203.965,2862.174,1344.558,177.234,324.865,802.113,3367.277,41.305,1049.635,10255.542,2526.409,1457.697,1477.675,1050.421,1386.343,45.074,1657.513,3390.218,6385.867,2915.574,643.416,2073.078,644.984,1066.422,1642.694,240.773,6111.019,1144.138,11118.423,962.092,267.123,6023.055,1486.348,1528.619,4599.896,308.301,419.842,278.194,1205.385,6234.525,3129.583,86.382,1708.696,2791.54,522.991,2571.443,373.443,132671.524
Jul-2011,604.288,580.141,1114.478,747.308,26694.782,2522.835,1133.001,148.498,207.403,756.227,3241.463,39.932,623.511,8129.71,2476.309,1207.568,1203.876,816.281,1232.293,33.373,1535.522,2696.827,6223.991,2603.919,571.497,1670.414,427.699,882.832,1277.876,159.712,5540.362,878.318,8974.904,888.665,180.11,4448.948,1008.22,1092.954,4012.668,377.237,459.015,216.017,991.724,5214.401,1752.297,70.109,1414.738,2062.776,363.468,2441.929,234.098,114186.524
Aug-2011,772.312,650.465,963.712,571.243,25315.422,2512.269,962.838,200.117,282.645,723.451,3296.582,35.419,495.946,7803.585,2253.172,1167.539,1085.149,833.279,1171.555,25.409,1495.742,3886.613,5728.738,2338.032,567.542,1689.817,434.759,679.937,1180.181,185.965,4668.222,783.572,9712.489,1065.513,185.466,5483.547,941.124,965.566,3912.191,417.865,456.722,227.221,1003.676,5247.093,1493.234,69.733,1561.954,1985.254,333.45,2232.451,224.439,112280.217
Sep-2011,852.437,948.184,1066.069,687.359,22625.972,3167.19,1071.816,176.362,221.923,742.634,3555.666,42.058,755.238,10331.995,3196.682,1633.983,1118.453,931.469,1279.777,36.514,1925.124,3815.227,8240.256,3079.136,612.079,2018.374,475.554,779.078,1212.086,149.857,4920.044,856.565,9447.215,1048.369,249.159,6257.74,1219.43,1028.533,4565.199,404.86,479.557,286.91,1148.165,4986.331,1657.737,79.912,1285.654,2014.414,461.679,3313.207,291.785,122751.017
Oct-2011,1530.917,1580.799,1503.869,942.853,24757.586,7243.079,1923.389,434.899,808.667,931.91,6564.059,36.462,1475.394,20218.164,7001.696,2718.823,2208.832,2369.823,1692.309,61.658,4130.35,7218.444,18283.075,5803.376,1201.894,3981.343,1396.008,1376.464,1616.418,267.497,8784.865,1186.977,19249.661,2811.699,520.065,12887.087,2092.22,2539.063,11307.411,840.055,1090.989,654.163,2632.738,6896.644,2275.254,150.566,4143.162,5409.884,1374.344,6635.109,743.604,225505.617
Nov-2011,3425.778,2851.41,2838.519,2249.13,49546.241,15030.579,3523.791,861.072,1069.667,1213.136,11101.66,35.693,3327.748,38763.401,12202.157,6171.458,6059.558,4661.466,2946.044,114.787,6928.213,12005.335,29709.462,12839.604,1873.198,9773.149,2548.276,3369.197,3785.011,559.655,17568.911,2691.582,32448.488,6982.101,1137.548,24216.265,5846.526,5644.861,18369.843,1325.642,2873.008,1330.361,6406.621,14117.781,8185.675,253.464,7122.834,10715.111,2362.316,12003.066,1515.183,434501.582
Dec-2011,5467.343,2451.365,6545.625,4811.576,81334.973,22219.355,5297.975,1322.897,1881.544,1615.295,15877.642,41.913,4424.138,58968.055,19878.524,10055.784,10631.455,8021.132,5606.816,190.123,11213.511,16831.391,45248.629,18304.928,3930.491,16196.117,3478.154,5874.011,6896.08,898.907,27628.297,5500.785,51732.252,9505.984,1471.361,40232.061,11087.41,7578.301,29569.176,2482.812,4050.929,1891.562,11268.573,32030.821,12656.718,441.283,11196.225,13113.191,3831.874,18361.026,2085.546,693231.936
Jan-2012,5895.866,3602.78,7406.298,5583.99,71878.518,20897.842,7592.211,1807.957,2657.833,1901.218,18748.722,48.153,4150.048,73215.097,24432.905,11146.424,11018.411,9549.776,5667.406,254.971,14648.848,21138.31,51874.663,20987.262,3902.297,18053.049,3397.999,6101.231,7170.492,1230.563,38526.773,6454.886,65236.474,13091.402,1693.944,50127.588,10422.693,7454.856,39055.881,3184.338,5088.23,2004.566,11921.963,36744.751,10998.088,578.063,14060.932,12997.061,4429.614,22414.68,1920.022,794367.945
Feb-2012,4489.395,2333.843,5909.128,4657.764,60156.625,22424.364,6856.156,1460.735,1590.723,1837.317,14380.538,41.32,3356.234,60649.733,19722.955,9673.45,9070.542,7597.856,4529.269,220.699,11275.272,17095.051,45216.411,17318.673,3013.478,14422.274,2806.589,5612.776,5814.586,995.25,30221.489,5359.894,57565.82,10104.978,1511.671,41817.781,9226.147,5986.527,32248.74,2311.999,3920.583,1775.351,9667.692,27999.671,9005.799,474.793,12211.689,11256.764,4096.404,18868.794,1894.545,662056.137
Mar-2012,2206.802,2332.713,4487.054,3011.171,55898.974,11632.812,4308.593,911.956,979.451,1473.495,7144.238,44.808,2693.525,29726.944,9521.064,4895.936,4397.517,3664.091,2956.729,158.366,6248.35,12559.555,24048.507,8604.283,1760.265,5890.631,1950.353,3205.585,4324.796,765.393,21636.903,3667.198,37977.517,4112.54,831.71,22294.291,4527.939,5893.956,19282.012,1771.629,1753.391,859.888,3986.434,18156.112,5993.395,346.998,4940.45,10663.127,1961.063,9469.696,1219.663,403149.869
Apr-2012,1328.278,1467.4,2612.047,1147.011,38571.995,5903.143,3016.491,603.581,665.746,1189.765,5163.891,46.046,1601.684,25243.003,6855.965,3338.816,2212.391,2100.017,1709.295,102.676,4500.183,8045.933,21632.797,6899.01,951.714,3668.537,1335.857,1475.76,2716.855,463.128,15121.401,1774.627,26543.816,2348.986,621.069,17848.627,2187.629,3330.514,14319.638,1011.594,836.095,643.465,2148.529,8599.228,3751.541,258.126,4191.952,5778.762,1906.805,8622.497,797.025,279210.941
May-2012,892.784,1055.88,1655.871,804.214,28727.883,3745.36,1673.742,331.867,302.563,995.044,3807.54,41.177,1119.142,11706.959,3268.04,1791.321,1498.949,1164.622,1470.6,67.036,2024.488,5327.882,7774.92,3466.777,647.803,2335.889,983.197,1186.886,1774.257,286.863,8417.206,1167.916,15280.14,1451.582,356.618,9925.251,1558.496,2204.987,7457.141,613.384,652.525,430.265,1431.023,6338.72,2822.213,125.702,2181.44,4010.266,457.651,3710.832,560.113,163083.027
Jun-2012,722.527,698.883,1295.189,650.37,23706.775,2450.848,1205.965,195.004,262.906,836.864,3373.002,42.047,674.013,9098.922,2661.649,1327.051,1372.051,962.267,1264.027,52.958,1877.706,4272.58,6477.065,2274.364,563.405,1893.566,579.996,864.47,1504.478,184.919,5629.773,973.996,10721.569,1134.953,194.7,5867.391,1342.891,1433.591,4528.379,541.536,484.212,243.696,1078.937,5453.818,2259.162,78.571,1759.663,2979.417,326.996,2681.917,274.55,123335.585
Jul-2012,702.741,633.961,1095.801,605.987,22631.289,2396.482,1054.533,155.406,236.255,820.913,3159.306,38.385,577.787,7511.19,2145.983,1139.512,1062.344,789.835,1276.062,33.776,1529.338,2939.275,5523.325,2491.736,580.494,1652.617,361.682,1005.373,1376.726,146.06,4835.945,876.128,9078.663,901.48,170.614,4446.759,1153.884,1196.815,3948.017,433.291,430.624,181.228,974.807,5584.91,1482.782,70.042,1430.976,2044.899,232.728,2159.478,208.508,107516.752
Aug-2012,700.466,557.865,1019.507,550.855,20731.375,2404.839,970.897,140.972,242.37,805.345,3397.593,36.985,529.355,7878.168,2317.696,1173.287,966.884,836.312,1242.468,31.665,1610.229,3514.465,5789.725,2356.772,530.133,1768.769,374.535,510.917,1054.145,143.854,4821.822,899.333,8776.161,1134.61,179.316,4366.55,1121.424,764.904,4133.481,410.649,499.846,229.858,1019.317,5063.376,1772.677,67.966,1368.712,1933.478,379.029,2195.042,278.178,105604.177
Sep-2012,722.184,1093.22,1086.579,618.367,19607.122,3179.922,1252.795,160.811,232.699,770.747,3460.418,35.381,613.789,9912.636,2885.528,1576.233,1171.828,940.147,1202.776,40.535,1612.283,3919.936,8126.854,2852.332,572.123,2104.937,458.791,661.389,1199.102,127.919,4999.798,949.666,9970.734,1014.968,220.626,5682.182,1107.484,1023.06,4722.505,398.458,461.586,263.719,1146.444,5090.958,1166.848,82.145,1828.947,2181.292,631.026,3201.715,267.58,118611.124
Oct-2012,1334.183,1730.362,1373.337,1145.339,24622.295,7953.735,1992.837,325.939,613.513,822.88,5851.205,33.52,1756.358,24148.214,7959.436,3227.971,2666.981,2270.226,1834.547,80.034,3816.514,5453.373,20469.887,8616.292,963.462,5131.755,1484.703,1679.691,1513.147,282.326,8095.116,1368.156,17856.174,2706.481,754.423,16305.84,2582.805,2512.012,10278.999,830.21,999.663,772.119,2727.945,8184.585,3673.016,148.688,3929.215,5174.693,1362.839,7823.434,864.541,240105.016
Nov-2012,3735.169,2743.25,2417.094,2929.721,41236.185,12657.297,4685.677,1132.169,1762.062,1257.069,12989.311,36.379,2802.871,44530.746,14879.914,6342.817,5272.86,5603.724,3625.733,179.945,9984.516,13159.14,35205.627,13008.617,2460.224,10127.912,2199.18,3234.555,3143.41,749.551,20128.594,3192.61,43466.525,9188.632,1229.59,33307.948,4766.336,4734.994,26152.709,2052.223,3601.588,1343.227,7743.665,13761.002,6230.761,289.84,10468.808,8711.159,3299.978,13109.063,1262.241,482134.218
Dec-2012,4849.185,3129.463,4615.915,4486.261,70161.933,20048.639,6439.85,1337.151,1713.433,1655.061,16187.738,37.246,4049.549,57269.211,18871.291,10222.45,9778.11,7585.772,5055.165,264.089,11217.946,17884.74,44637.858,20226.65,3626.243,16055.834,3136.549,5747.176,5478.961,1046.106,28935.735,5830.917,55235.81,9320.648,1830.071,38880.716,9054.103,6797.034,31185.19,2324.091,4105.461,1994.923,9962.842,29002.746,10644.501,490.701,12065.667,12160.949,3453.88,18297.109,1955.465,670344.134
Jan-2013,6146.971,2526.115,9313.249,6619.985,85487.541,22829.93,8250.597,1901.059,2437.633,1962.068,18330.821,51.598,5589.951,78808.757,26226.283,12919.231,12812.269,10209.967,7099.607,338.551,14892.846,19570.541,55189.389,25248.684,4504.751,19907.618,3443.977,7357.649,9119.957,1146.025,39911.635,7652.464,68907.572,12218.377,2079.848,53574.466,10962.118,8735.106,41758.449,3407.253,5003.371,2442.395,13889.355,44555.925,15510.495,607.712,15301.833,14568.421,4529.506,24180.036,2251.086,872291.043
Feb-2013,5657.316,2129.808,7050.559,5315.98,64601.141,19425.593,7730.682,1856.351,2239.301,1687.338,19031.372,50.408,3495.714,70482.25,23027.053,10672.646,10563.447,8749.388,4809.289,292.567,14270.418,17864.497,51657.028,20673.097,3304.159,17095.203,2562.577,5973.154,6103.177,1201.248,37406.831,5625.454,65792.205,12114.363,1626.009,50370.031,10140.367,5795.332,39594.016,2951.457,5216.216,1948.38,11718.991,27347.484,9654.396,554.144,14631.654,10266.745,4485.675,21428.168,1841.411,750082.09
Mar-2013,5205.379,2304.085,4809.449,4976.937,43465.144,15454.126,6390.155,1688.01,1947.925,2147.291,17837.035,48.108,2777.206,64802.184,21628.049,10340.688,9989.949,8658.938,4873.443,239.706,12748.768,15557.307,47034.851,18114.782,3549.246,16289.629,2364.668,5685.475,4077.231,1023.966,34257.044,3550.009,60056.685,11612.474,1623.622,46796.821,10035.449,4238.321,35141.072,1840.515,4750.717,1849.362,11084.955,23570.453,6852.685,465.004,13461.8,9141.94,4559.693,19759.356,1584.46,662262.167
Apr-2013,2198.371,1889.112,2272.63,2433.293,31413.993,12103.372,4102.676,722.589,761.4,1645.916,7152.663,49.407,1884.878,34244.716,9465.968,5885.432,5436.53,3249.253,2995.321,164.604,5232.438,9385.819,26581.611,12132.697,1787.708,7659.667,1855.104,3623.399,2475.93,756.659,20024.762,2146.242,33231.859,3617.24,1107.455,21854.574,6569.484,3452.343,16951.701,1120.522,1586.128,1272.386,4774.179,13573.473,4974.633,284.653,6358.169,6637.957,1982.341,11961.536,1375.017,366419.81
May-2013,1324.94,1114.5,1675.04,1376.536,26196.027,6550.369,1885.756,342.768,449.25,1069.387,5172.896,50.411,916.443,15218.669,4506.056,2888.247,2885.681,1666.979,2044.485,79.707,3006.578,4864.265,10185.369,4632.745,1235.708,3924.253,857.133,1844.268,1743.596,388.578,8897.878,1459.93,17596.204,1823.188,437.873,8461.571,4272.513,2068.947,8224.44,750.188,824.307,545.736,2393.774,9758.527,1956.958,144.948,2826.806,3712.605,824.003,5540.594,604.154,193221.784
Jun-2013,980.093,584.97,1226.848,732.819,22876.03,3561.72,1321.505,199.726,329.013,662.41,3605.367,50.329,663.267,9853.275,2497.126,1586.034,1570.16,1004.409,1376.57,47.681,1858.625,3255.786,6683.638,3113.504,694.216,1956.281,541.007,982.357,1394.693,225.675,6307.478,953.902,11133.669,942.136,246.43,5859.732,1766.931,1101.643,4991.372,480.544,497.384,265.344,1258.766,6114.017,1872.028,98.572,2107.95,2404.092,467.074,3085.2,269.801,127659.199
Jul-2013,715.499,496.574,1052.789,612.445,20894.015,2609.781,969.879,151.923,281.177,719.263,3533.906,46.541,481.149,8594.976,2430.019,1224.688,1292.029,941.015,1268.825,37.178,1738.556,2896.909,6207.713,2177.413,596.898,2531.19,358.616,930.375,1212.39,135.875,5087.798,798.173,9458.702,1119.317,185.95,4982.917,1262.645,918.88,4018.169,374.712,439.733,230.103,1107.022,5882.623,2159.269,81.19,1440.358,1727.647,330.729,2541.4,222.002,111508.945
Aug-2013,769.657,589.631,1031.514,612.953,21214.497,2594.506,929.611,160.376,254.205,727.284,3565.965,47.075,431.149,8482.931,2291.945,1093.098,1130.889,856.027,1256.366,34.271,1660.041,3092.505,6008.456,2214.026,561.788,1784,341.125,545.895,1105.981,154.787,4659.86,934.941,9185.369,1010.905,166.715,4888.593,1156.65,859.333,4058.882,401.689,486.71,220.989,1115.247,5280.016,1437.384,73.707,1345.56,1911.784,362.116,2414.943,217.347,107731.294
Sep-2013,777.929,987.326,1132.326,605.803,19698.53,3120.958,1086.965,182.742,281.428,663.087,3576.423,46.551,661.134,8600.39,2419.745,1352.949,1064.681,895.751,1325.245,42.945,1537.299,3699.524,8261.953,2611.534,567.883,1765.186,551.094,701.784,1242.903,183.797,5035.182,974.998,11223.276,1144.528,242.698,5498.581,1178.415,1292.795,4689.006,517.355,471.612,244.606,1117.318,5276.377,1687.196,85.557,1685.867,2208.983,549.137,2693.648,340.181,117803.181
Oct-2013,1142.14,1314.178,1671.978,1062.346,28256.753,8689.221,1714.978,312.76,451.306,972.531,5584.801,44.054,1973.745,22639.757,7115.019,3349.501,2396.596,2081.126,1519.571,77.693,3433.495,5421.412,18236.916,6743.976,977.591,2675.631,1679.141,1668.189,2210.038,208.134,8021.441,1796.681,16594.14,2345.194,699.565,9097.078,1469.131,3346.596,9446.836,962.533,814.927,834.478,2092.148,7264.077,2814.479,142.517,2994.668,6587.725,1355.781,7295.43,1068.465,222668.467
Nov-2013,3924.831,2419.578,2541.634,3735.137,42264.181,14492.976,4624.146,1015.563,1642.368,1275.267,14538.167,48.403,3260.022,50768.085,16618.932,7272.883,5312.621,6288.608,3131.189,195.157,9776.445,12413.356,41105.83,15227.526,2274.583,10809.111,2509.529,4182.864,3410.615,506.952,23199.498,3667.118,44458.883,9513.662,1361.249,35345.409,4502.947,5555.035,24510.023,2335.961,3650.569,1428.745,6931.475,15718.659,7222.364,333.39,9631.347,9774.022,3197.854,16075.11,1528.651,517528.53
Dec-2013,6215.698,2859.064,5913.816,6904.459,75405.63,23503.656,7795.356,1663.382,2139.465,1788.802,19699.582,49.188,5235.395,80106.453,26269.953,13933.765,13581.26,9606.212,7120.227,338.499,13185.419,18845.449,57058.696,27007.373,5130.126,20047.897,3749.483,7733.311,7567.883,1252.933,33385.632,6463.899,68717.957,12192.154,2307.341,50631.252,12791.452,8889.539,38476.541,3078.247,4900.794,2637.376,13758.164,42806.705,14348.801,543.715,13915.807,14423.321,3870.492,26009.833,2337.886,848195.34
Jan-2014,10349.728,2168.819,6982.864,9194.389,61048.501,22976.975,9677.236,2462.76,2907.779,3056.901,32809.271,57.302,4456.262,101154.635,34661.652,16338.829,15232.037,13626.698,10768.94,421.34,19505.446,24155.644,71831.021,29694.342,6617.087,25915.686,3307.387,8325.886,6886.229,1475.772,50137.686,6317.025,79951.96,19025.636,2259.588,70547.873,14829.996,7412.383,53292.377,3663.585,8095.858,2722.342,19749.442,56481.077,11663.966,705.644,20626.791,12902.877,5909.22,30789.062,2044.799,1037196.605
Feb-2014,6521.616,2442.958,4852.731,7526.706,49235.074,19396.245,8875.217,2137.597,2508.351,1874.427,19417.776,53.125,3469.217,84515.408,27361.632,13716.863,13168.196,10590.727,7356.394,360.857,15334.886,19678.492,58850.359,25539.486,5289.602,21410.413,3632.94,7612.407,5205.163,1210.096,44066.585,4763.504,74901.454,11969.057,2151.935,58508.263,14744.017,6749.487,45670.765,3047.014,4994.866,2413.957,14672.561,45335.194,7634.98,608.391,16176.074,12664.744,4950.434,25727.253,2031.986,852927.482
Mar-2014,4611.372,2201.335,3161.873,5222.197,38958.517,15295.583,8034.829,1858.442,2086.567,1919.956,15231.994,49.753,2643.396,66610.602,22950.225,10692.404,9657.759,7890.476,5481.879,363.273,13669.315,19892.657,51772.08,19467.166,3748.223,16124.729,2700.289,5588.646,3533.476,1206.52,38911.052,3519.416,70835.981,11129.64,1661.849,48571.082,11578.778,4412.176,39580.964,2945.502,4487.175,1862.167,10222.086,30198.685,7301.673,617.114,14439.168,8911.003,4484.111,20073.977,1551.749,699920.881
Apr-2014,2191.862,1427.128,2373.282,2463.472,30716.136,9485.426,4620.262,824.648,893.025,1166.201,7144.718,53.121,1786.981,30869.867,7910.97,5243.807,4505.512,3188.638,2575.511,206.165,5747.762,12741.42,23659.364,10881.491,1822.501,8182.576,1642.204,2959.266,2585.115,534.821,18446.473,2292.266,38642.968,3272.422,1007.489,19966.655,6475.67,3197.236,17444.149,2331.69,1580.466,1001.046,4088.333,15627.406,4143.346,354.333,5389.215,5842.984,1972.002,11561.187,1101.223,356141.811
May-2014,1345.313,800.439,1750.37,1265.246,25223.807,6319.4,2325.191,495.816,446.36,917.492,4458.113,49.319,869.977,16224.818,4249.864,2853.339,2054.863,1563.022,1972.427,112.237,3588.075,6547.674,11986.527,5522.081,876.618,3221.146,920.959,1712.714,1824.247,453.818,9580.678,1507.328,26164.774,1320.39,505.642,10180.583,2558.251,1458.61,8706.743,666.888,675.679,544.924,1867.907,8854.513,3941.255,174.923,2489.071,3390.118,912.886,5304.646,699.025,203456.106
Jun-2014,804.067,678.494,1274.791,807.703,21690.353,3526.066,1311.243,195.997,293.076,593.363,3616.945,48.078,616.838,9640.299,1995.618,1446.554,1285.229,904.074,1262.941,54.813,1724.102,2815.417,6372.943,2241.28,626.821,2007.048,543.87,937.687,1438.415,217.355,6078.649,1042.698,12363.305,933.936,248.439,6255.462,1539.727,1212.893,5014.012,582.792,471.536,285.956,1190.631,6977.122,2241.237,96.151,1698.422,2360.153,466.415,3251.305,313.616,125595.937
Jul-2014,764.083,545.009,1095.736,647.521,20299.287,3220.368,1036.164,137.086,249.14,708.898,3537.173,47.723,552.427,8857.269,2243.315,1191.61,1190.259,778.681,1226.1,40.905,1598.682,2618.072,6334.057,2067.679,606,1891.079,360.419,790.996,1256.788,141.769,5387.559,935.631,10685.694,1119.847,182.585,5156.421,1242.974,979.464,4150.207,427.196,453.412,192.926,1152.302,6188.429,1746.318,81.801,1487.753,1916.166,360.456,2641.986,262.004,112785.426
Aug-2014,748.234,538.317,1024.623,684.275,18833.896,2195.397,974.33,161.432,258.027,729.226,3540.363,44.385,541.273,8238.399,2416.771,1097.843,1127.318,806.174,1294.168,40.97,1501.574,2410.669,5626.853,2328.559,588.597,1729.056,361.599,730.279,1167.638,138.068,4864.587,908.038,9683.031,973.124,181.205,4859.927,1149.721,893.557,4251.408,395.421,476.277,219.925,1162.637,5660.735,1298.056,78.586,1533.453,1721.752,359.829,2396.773,240.709,105187.064
Sep-2014,715.748,875.279,1123.222,718.966,18455.984,3533.487,1046.182,157.677,262.457,640.812,3577.423,43.049,628.263,10590.862,2925.309,1510.312,1274.013,969.864,1358.464,53.582,1788.239,2926.502,8408.655,2982.459,558.485,2105.879,618.31,811.037,1206.313,172.192,5091.383,835.161,11117.063,1132.955,273.326,6185.461,1160.754,969.751,4769.936,473.063,489.623,329.793,1239.454,5950.754,1601.854,95.863,1622.796,2088.967,516.894,3365.432,386.48,121735.789
Oct-2014,1123.875,1768.068,1383.935,920.583,21140.301,6920.999,1776.052,292.193,549.988,965.013,5532.809,43.248,1333.609,22379.968,7618.723,3223.996,2268.467,1856.49,1690.99,104.84,3077.672,4932.687,19597.416,7186.055,986.963,3865.355,1104.413,1447.3,1556.131,337.77,8302.547,1275.448,16260.323,2037.108,624.588,13580.968,1361.426,1778.653,9532.26,498.79,835.981,718.022,2307.963,6881.264,3045.854,157.71,2843.232,3689.311,1146.723,7477.23,737.227,212078.537
Nov-2014,4456.959,2069.935,2482.377,2697.747,34011.274,18632.005,4670.269,948.654,1671.084,1853.237,17291.731,44.373,3737.062,57400.185,19910.329,8649.908,8023.301,6897.85,3825.031,248.79,9749.226,11288.555,44020.131,17807.275,2810.516,12507.751,2919.477,4643.666,3016.316,795.132,24416.987,3444.896,45075.07,9723.94,1659.945,31696.047,3198.322,5703.164,25073.907,2030.459,4224.108,1724.264,8372.077,14635.041,8190.931,349.289,9971.251,11480.016,3248.838,18408.847,1830.914,543538.459
Dec-2014,5373.153,2217.82,4891.354,5977.838,57876.066,20604.264,6846.12,1643.703,2116.543,2226.79,18323.918,49.735,3980.959,62983.047,22394.353,10608.972,11327.991,8517.373,5705.164,349.676,13257.329,16894.413,46253.527,20929.425,3729.612,16551.729,3267.112,6587.036,5458.75,1071.946,32457.753,5533.082,62631.539,12539.878,1748.713,45059.411,9209.898,6417.98,37329.526,2661.842,5118.771,2197.305,12369.277,31729.661,9648.196,506.611,14539.548,11782.266,3929.205,19411.391,2068.994,716906.565
Jan-2015,8087.285,2743.175,7436.459,8079.586,60216.481,21591.013,10034.875,2665.265,3165.816,2518.387,26213.608,60.188,4345.963,82554.193,29302.805,13093.382,12842.597,11563.744,8560.644,525.676,18520.74,26071.805,64293.329,23467.949,5799.12,19730.955,3316.575,7213.611,7046.021,1691.414,47058.816,6248.711,89006.302,15463.624,2006.398,58799.318,13215.014,6219.369,48402.805,4210.609,7181.674,2357.202,16603.842,53621.751,10175.909,725.003,19331.471,11781.05,5121.245,25704.861,1966.289,937953.924
Feb-2015,8552.312,2212.151,4276.158,7717.866,40901.55,16448.762,10279.017,2533.432,2885.823,2502.351,26722.575,51.646,2700.972,85539.681,29649.172,13541.794,11566.179,12025.071,7571.513,528.582,19140.687,26240.296,68401.557,23783.518,4908.525,20728.765,2619.651,6971.483,4286.623,1664.704,50549.914,5013.964,91107.489,17362.919,2055.42,61207.091,12794.003,4165.73,51857.016,4154.078,7322.516,2161.526,18021.525,36890.768,6448.545,760.405,20860.616,8079.171,5640.082,27501.922,1457.005,902364.121
Mar-2015,3862.593,2173.984,3200.931,4845.526,32139.834,12870.615,8749.206,2076.024,2046.343,1396.831,12196.042,50.896,2203.098,54277.754,18560.226,7952.444,7324.194,7078.442,4337.102,404.045,12967.379,20985.557,42465.103,15010.559,3058.425,15779.105,1958.954,4218.978,3384.246,1196.725,41241.358,3422.426,74730.779,7387.446,1277.422,47719.748,6955.185,3525.39,37965.403,3296.428,3298.774,1358.022,9121.849,34513.756,5111.922,610.127,13595.673,7224.875,4562.95,16213.219,1177.321,633081.234
Apr-2015,1696.628,1473.177,2191.254,1633.659,29621.691,8502.664,4766.249,754.047,865.562,1246.473,5538.498,53.579,1735.957,26782.749,8643.05,4111.858,2528.999,2308.647,1883.591,223.728,4975.318,10123.593,22109.178,8177.522,1059.771,6206.406,1456.666,2136.509,2366.115,596.116,21272.506,1919.207,36470.383,2814.439,719.988,22266.981,2647.485,3241.742,17158.584,1425.925,1104.469,782.548,3087.847,10986.29,4514.642,366.989,4749.77,5971.288,1630.691,9496.37,887.887,319285.285
May-2015,1112.565,882.866,1820.971,942.153,27357.513,7343.23,2112.357,289.186,455.556,946.391,4354.034,46.372,899.533,13194.451,3713.487,2157.012,1853.766,1216.728,1678.609,95.174,2199.88,4364.045,10475.71,3958.402,718.144,2513.545,908.983,1342.714,1900.761,243.817,8995.31,1572.294,18250.799,1307.908,446.731,9819.203,1936.568,1694.414,7625.655,577.056,712.366,508.18,1606.039,6857.169,3129.444,155.593,2226.258,3102.637,667.865,4549.518,730.613,177569.575
Jun-2015,765.486,588.611,1319.9,666.849,20889.008,3114.861,1330.44,193.87,255.918,879.758,3678.626,45.886,521.138,9418.93,2308.959,1394.091,1380.052,899.567,1288.072,71.167,1782.713,3330.1,6615.682,2435.111,651.878,1807.402,403.807,971.293,1497.46,185.576,6160.211,1261.998,13068.507,1123.354,205.197,6094.941,1327.767,962.928,5380.356,498.15,514.484,278.108,1201.611,6359.857,1957.795,107.379,1649.095,1914.31,416.4,2481.169,410.44,124066.268
Jul-2015,720.503,498.778,1065.627,598.488,18932.412,2632.925,1089.022,175.371,263.784,844.216,3662.766,44.884,493.821,7959.312,2172.319,1189.226,1150.878,898.654,1294.828,49.066,1657.297,2641.346,5572.126,2291.771,620.304,1595.167,384.681,808.574,1120.192,150.781,5480.774,808.403,10329.958,1016.387,167.793,5011.695,1204.306,840.183,4148.498,436.927,520.24,189.995,1033.462,6479.352,1633.503,89.213,1525.79,1699.692,242.767,2478.084,243.763,108159.904
Aug-2015,706.289,531.374,978.031,557.162,17399.263,2403.114,969.994,178.333,262.178,642.813,3750.69,42.927,367.263,7790.273,2008.004,1051.941,1442.186,889.197,1204.733,48.155,1580.142,2462.564,5872.025,2553.306,589.466,1728.727,381.074,695.19,1188.65,145.535,4588.549,839.897,10144.285,1213.829,208.545,4717.438,1227.255,821.197,4062.661,403.503,531.301,219.271,994.866,4874.679,1555.291,74.232,1475.301,1636.547,336.729,2310.412,198.789,102855.176
Sep-2015,710.954,1040.255,1079.998,586.226,17031.859,2924.39,948.224,168.45,276.132,640.987,3800.462,41.224,651.531,8118.142,2419.339,1279.471,1595.831,885.284,1356.28,48.171,1542.127,2486.076,6006.22,2331.292,728.435,1645.827,497.166,682.82,1228.357,152.751,4506.813,829.429,10201.546,1091.52,198.59,4677.252,1239.815,1189.255,4796.977,391.425,568.598,228.24,1154.747,5401.306,1328.631,80.609,1902.981,2612.884,384.692,2501.508,300.373,108491.472
Oct-2015,957.301,1429.284,1345.495,794.785,19234.532,5799.9,2100.998,405.594,566.746,1096.149,5882.946,43.576,1017.247,18138.034,5767.871,2408.34,2179.938,1639.64,1536.8,144.531,3880.899,5832.708,16421.569,5140.105,833.469,3095.861,1048.877,1080.813,1448.85,250.882,8928.235,1247.292,20674.284,2737.142,508.555,12188.48,1814.076,1762.797,11557.216,1063.483,1069.802,478.155,1967.442,6333.901,2015.062,167.71,3539.971,4199.235,1235.075,6090.934,437.219,201539.806
Nov-2015,2082.012,2317.198,3134.125,2361.034,44392.192,16187.341,3845.634,771.531,993.879,1233.139,10264.695,43.692,3704.118,36126.565,11706.925,5498.453,5586.616,4167.403,2383.918,245.747,6235.294,9465.968,28390.105,10603.096,1832.794,7730.627,2652.145,2921.46,4218.288,680.13,16145.444,3759.288,33879.881,6168.59,1059.827,22077.74,5700.735,5719.451,18221.922,1632.162,2460.869,1173.8,4810.993,11027.03,8344.713,294.312,6455.382,11216.18,2120.056,11076.685,1489.003,406610.187
Dec-2015,3496.339,2683.382,6666.805,4265.603,73055.509,22544.728,4748.599,1048.958,1455.78,1459.455,11963.127,47.114,4841.844,50976.025,16792.473,9057.132,8933.074,5853.319,3762.247,315.47,8375.503,12658.292,35474.941,17835.167,2448.012,12940.159,3283.006,5619.995,7343.894,884.012,22176.137,6206.977,44301.531,6835.945,1697.775,30725.725,9336.947,6927.304,24491.774,1952.461,3129.181,2015.819,7707.952,28033.239,12346.298,401.549,8151.271,12469.202,2448.578,16448.818,2276.977,590911.424
Jan-2016,7194.528,2357.685,8719.026,6040.47,69802.95,22222.384,8259.168,2008.802,2463.955,2737.504,26055.689,52.291,4525.067,79022.422,27474.273,13266.419,12771.189,10651.031,7419.317,435.678,16770.12,19399.499,55191.87,23812.709,5166.962,21001.698,3157.777,7072.452,8539.614,1293.056,42723.502,6739.839,74579.264,16193.352,1956.484,54299.307,11998.623,6827.424,44427.793,3319.555,6866.156,2288.995,15073.022,41423.396,12418.704,598.008,17157.954,12920.726,5275.014,24999.989,1963.48,878936.192
Feb-2016,5515.505,2067.083,5815.709,4944.176,43748.217,17246.531,7649.088,1811.845,2229.838,2333.485,19769.065,47.048,3283.995,62740.535,21376.204,10220.986,8618.949,8533.051,4880.559,388.327,13589.25,18067.738,47637.652,19713.935,3311.973,14459.475,2291.227,5464.624,5658.146,1101.042,34982.513,4965.616,66686.387,12917.018,1509.169,44164.572,7604.593,4903.815,37255.519,2790.636,5686.103,1765.757,11340.595,30066.646,9029.939,561.936,14427.239,9271.549,4160.2,19941.934,1530.411,690077.405
Mar-2016,2755.037,1884.739,3088.783,2762.31,39794.936,14372.514,5351.191,1093.838,1080.083,1693.62,9578.638,48.854,2565.763,41364.505,11654.457,6787.286,5100.221,4655.472,2609.839,329.796,7548.517,13734.762,33133.467,12539.835,1733.046,8664.651,2008.407,3499.603,3524.331,805.563,23954.046,3341.431,47537.26,5132.57,1075.699,26914.097,4616.002,4524.378,22481.51,1934.689,2281.595,1303.007,5466.291,16632.402,6228.122,394.535,8173.581,8903.036,2616.839,14392.939,1333.093,455001.186
Apr-2016,1645.192,1241.874,2421.796,1509.93,28202.894,10419.012,4070.102,793.801,772.232,1221.227,6476.277,50.85,1307.759,30371.904,9342.511,4664.423,2599.158,2633.482,1902.127,255.238,5420.311,10050.87,27259.027,9873.165,943.314,4941.928,1288.492,2323.713,2500.211,606.439,17908.379,2178.269,36909.77,3301.864,770.472,21448.277,2369.635,2243.652,16928.396,1497.703,1341.555,972.666,3107.127,11583.963,4451.509,361.515,5420.191,4150.799,1783.558,11241.882,978.75,328059.191
May-2016,977.643,863.654,1765.721,936.859,24772.392,6528.94,2293.748,458.052,489.101,968.265,4641.66,44.491,892.818,15848.189,4740.55,2249.311,2083.899,1491.122,1481.246,136.283,3340.542,5616.781,12190.628,4252.883,816.631,2868.57,933.828,1370.895,1993.237,294.039,10808.969,1545.507,22097.37,1656.814,374.582,10509.912,1758.791,1549.639,9401.317,745.658,719.452,522.786,1626.576,7373.068,2993.902,203.989,2968.343,3169.981,725.589,5056.19,771.83,193922.243
Jun-2016,832.624,533.694,1327.481,687.295,21251.858,2932.376,1311.759,223.553,280.196,798.311,3771.967,45.154,587.307,9531.093,2229.336,1181.326,1376.983,812.501,1239.343,60.151,1783.301,2801.664,5585.992,2943.678,739.985,1919.343,515.067,905.414,1517.674,167.832,6416.44,1085.126,12798.884,1221.588,181.168,4867.34,1369.681,1127.358,5190.601,325.086,499.132,229.972,1157.287,7078.359,1463.499,112.864,2051.668,2300.314,371.113,2604.504,293.668,122639.91
Jul-2016,675.353,479.143,1081.15,584.21,19533.064,2560.449,1033.587,164.495,240.129,700.53,3640.836,45.381,524.443,7828.48,2032.543,1177.7,1079.864,723.226,1181.917,49.817,1483.484,2439.714,5404.861,2306.05,594.703,1636.775,399.589,713.056,1269.125,130.245,5739.461,839.132,10775.358,1046.65,162.229,4236.881,1114.504,919.791,4155.647,267.878,447.371,195.761,1003.784,5756.256,1713.771,92.873,1428.586,1854.756,362.917,2361.124,230.857,106419.506
Aug-2016,645.756,533.756,1030.541,545.165,18613.154,2736.177,897.401,154.538,210.977,683.217,3829.879,45.204,498.182,7462.635,2200.96,1051.909,990.404,774.099,1247.137,43.673,1344.673,2281.488,4898.054,2496.547,553.473,1610.961,404.676,665.04,1207.903,129.139,4312.581,774.592,9266.784,1045.451,175.32,4818.136,1175.398,622.412,3942.751,235.624,484.365,209.243,926.052,5380.153,1365.589,76.642,1375.931,1775.809,322.704,2124.153,259.034,100455.442
Sep-2016,620.148,830.862,1144.48,609.135,19917.677,3216.723,962.333,164.753,202.465,726.675,3794.897,48.74,690.1,7804.331,2345.811,1329.573,1139.088,771.653,1221.756,56.256,1424.62,2440.095,6653.625,2599.305,572.005,1525.634,631.272,706.395,1387.476,153.351,4706.347,932.537,9380.172,1087.844,217.967,4721.241,1304.737,1114.386,4166.755,359.659,501.641,239.447,1020.271,5352.781,1781.479,86.827,1449.592,2551.09,360.363,2403.104,352.786,109782.26
Oct-2016,874.952,1713.036,1433.081,733.572,22233.84,6059.774,1971.348,280.991,336.872,820.427,4811.522,44.704,1456.717,14682.6,4291.881,2015.73,1542.965,1287.926,1387.961,133.44,2644.682,5426.767,14924.756,5555.293,624.828,2506.921,1382.683,1031.248,1809.541,231.233,8782.191,1213.974,18300.596,1718.526,629.007,10396.729,1659.531,2776.023,8820.332,906.123,729.709,520.287,1409.705,6508.375,2979.298,148.529,2883.351,5550.826,883.884,5589.832,726.574,187384.693
Nov-2016,1789.856,2313.086,2312.646,1829.792,37484.856,11558.736,4431.875,794.294,940.508,1082.043,10124.983,46.721,2660.799,32862.776,11342.839,4607.472,4752.653,3863.317,1987.779,229.005,6792.414,10623,27488.353,9847.943,1349.97,6722.921,2115.478,2373.519,2891.174,700.559,18708.66,3067.837,37990.857,6305.65,866.884,23457.89,3797.943,3993.775,20029.715,1752.973,2620.476,901.355,4391.365,9111.875,6362.857,325.609,6527.091,7844.804,2264.999,10367.078,1135.354,379746.414
Dec-2016,4880.296,2968.577,4979.672,5946.616,66472.546,22109.58,7813.527,1711.15,2132.307,1586.801,19426.371,51.562,5895.998,77070.778,26006.488,12694.804,12004.167,9304.88,4824.222,448.532,13904.985,19199.687,53783.273,21656.303,3777.763,19405.415,3971.551,6923.727,6776.608,1248.782,36466.925,5892.863,66144.148,12920.062,2139.548,45991.293,11803.323,8787.909,38711.457,3064.107,5384.341,2513.412,12401.886,29065.065,13140.07,554.704,13306.826,16026.877,4082.594,24365.992,2423.51,794163.88
Jan-2017,4845.474,3188.363,6656.399,5739.724,83527.937,22721.796,8548.709,1951.029,2348.26,1958.244,18075.64,57.912,6199.129,72098.061,23508.112,12009.19,12341.628,8264.766,4930.186,447.008,14138.567,19515.182,52023.352,23422.88,3417.211,18939.315,4211.027,7562.68,8577.638,1235.177,39765.835,6024.185,72971.455,11943.421,2126.407,46914.994,11789.461,9534.426,39962.21,2960.728,4969.67,2485.78,11247.778,39035.855,13980.014,556.334,15379.792,16844.989,4080.561,23538.61,2344.278,830917.379
Feb-2017,3228.236,2521.144,5839.508,3376.071,53978.672,14666.309,7198.575,1397.193,1679.029,1725.495,12391.292,51.696,3828.52,47529.108,15349.601,8380.362,6663.286,5597.099,2907.704,395.461,11029.101,16530.819,38429.928,16507.429,2110.456,10985.626,2978.25,4681.093,6255.958,999.015,30428.691,4195.934,60363.769,7128.614,1576.67,33214.509,6445.811,6406.493,30972.026,2513.012,3032.417,1667.67,7216.969,22127.206,7427.198,506.924,10403.109,12452.037,3117.872,17251.993,1797.241,579458.201
Mar-2017,3177.486,2665.899,3702.653,2951.626,40607.042,11822.773,7843.573,1689.277,1796.486,1599.902,12823.304,51.982,2668.551,52135.807,17159.749,8061.215,6449.355,5647.938,2700.154,425.972,11442.796,20221.594,42975.387,16657.34,2152.571,10298.262,2231.378,4155.775,4396.307,1184.133,34081.602,2973.438,68073.149,8165.317,1474.749,37420.012,4755.776,5136.019,33764.884,3125.702,3395.169,1538.663,6887.818,16022.782,5704.246,570.173,11066.699,10425.569,3489.422,18653.429,1519.912,579940.817
Apr-2017,1361.601,1471.591,2357.768,1167.122,29706.852,8839.473,3529.409,611.784,615.591,1392.133,5703.751,48.677,2016.277,23309.157,7075.857,4047.322,3063.412,2032.278,1705.974,235.049,3401.905,8696.141,18830.717,8308.159,806.615,4431.809,1607.513,2230.814,2794.471,477.631,14797.611,2084.89,30909.97,2309.499,737.432,13988.439,2736.97,3766.436,13739.46,1191.626,1224.443,905.093,2362.95,9412.623,4976.173,311.425,3795.384,7033.245,1371.513,8438.753,1001.495,278972.283
May-2017,924.868,983.31,1781.667,952.083,27253.319,6264.066,2231.146,350.016,518.306,1060.019,4932.575,44.157,1114.231,16983.364,5289.068,2436.95,1776.852,1187.754,1429.851,135.413,2992.568,5950.102,13699.336,5044.314,728.185,3319.402,901.748,1512.424,2022.291,337.89,9355.524,1408.718,20618.762,1514.065,347.137,9987.423,1878.519,2147.559,9494.934,798.23,682.948,481.67,1720.831,7747.003,2890.457,187.008,2500.536,4046.276,758.203,5966.603,795.844,199485.525
Jun-2017,713.354,656.193,1324.86,620.303,20886.002,2955.442,1380.25,207.291,340.331,880.419,4102.532,48.94,598.938,9182.219,2414.903,1276.406,1229.041,776.55,1287.74,76.068,1789.004,3299.086,6056.178,2996.933,526.269,1903.934,473.657,856.881,1600.18,175.832,6185.277,950.676,13858.271,1039.012,189.828,5335.662,1300.353,1326.287,5099.427,461.76,547.348,264.767,1167.551,5820.828,2227.089,131.25,1797.688,2226.407,324.953,2794.567,371.898,124056.635
Jul-2017,673.556,551.528,1101.388,569.784,19093.71,2656.771,1075.308,150.744,293.368,778.122,3935.577,42.979,518.369,8672.615,2095.932,1028.396,1009.893,719.024,1231.55,52.244,1651.26,2607.754,5123.395,2276.373,518.075,1597.447,342.936,672.923,1310.462,137.147,4857.191,839.033,10731.898,1135.105,155.01,4711.041,1172.164,865.745,4195.687,413.567,580.925,195.474,1008.231,6000.029,1679.894,81.907,1657.722,1802.118,355.5,2305.576,210.875,107443.322
Aug-2017,650.6,600.801,1011.131,552.882,18027.238,2840.933,1024.688,157.83,286.656,751.083,4043.516,42.253,529.596,8091.851,2016.256,1105.29,1063.615,783.936,1207.986,53.564,1325.784,2496.839,5408.347,2510.05,552.635,1678.245,349.031,434.087,1152.767,157.696,4275.999,817.753,10217.15,993.576,177.244,5040.757,1297.912,777.807,3878.107,406.858,501.481,220.95,982.514,5436.018,1470.805,78.001,1587.024,1749.107,303.643,2503.196,212.049,103835.137
Sep-2017,738.937,892.332,1145.631,585.286,17774.566,3557.383,1091.433,172.063,298.962,822.848,4100.474,44.12,835.938,8007.444,2493.496,1127.434,1166.637,974.693,1221.16,57.864,1732.374,2694.093,7040.862,2556.055,622.301,1794.151,637.003,618.51,1476.257,154.733,4337.833,865.814,10956.004,1095.954,235.115,5670.316,1259.763,1190.967,4600.805,386.008,562.542,243.781,1253.103,5884.914,1821.082,87.016,1690.235,2441.39,484.883,2739.294,265.88,114507.739
Oct-2017,1189.788,1578.715,1500.817,930.792,23670.16,8690.539,1430.058,248.89,410.453,923.832,6714.846,42.81,2147.187,17826.273,5542.507,2951.549,2238.939,2019.297,1536.907,84.675,2426.228,4114.501,14512.07,6525.666,881.56,2310.905,1586.578,1403.886,2035.486,256.795,8807.097,1516.744,15457.186,2110.32,668.678,12203.139,1511.136,3149.282,7874.97,628.452,867.856,683.68,1899.204,7769.429,4527.455,111.066,2857.39,6464.423,1014.489,6281.114,951.153,205086.972
Nov-2017,2642.045,2612.734,2130.328,2541.966,33949.942,12514.49,4789.76,952.586,933.576,1226.058,12099.894,46.564,3069.191,44141.91,14436.79,6654.044,6671.537,5305.162,2660.706,264.298,8718.175,12150.603,37034.901,15032.151,1987.677,10362.668,2534.997,3972.586,2972.514,787.152,21618.602,2871.176,42671.434,8038.605,1388.479,31175.113,4925.477,5325.921,22852.323,2050.869,3094.974,1282.002,6831.023,13230.845,6972.641,301.04,8092.952,10582.031,2610.47,15334.985,1281.329,467729.296
Dec-2017,6191.876,2524.539,4269.119,5715.895,62529.963,21054.579,8288.203,2006.992,2382.735,1815.819,22325.97,50.227,5273.438,69532.948,26465.097,11284.12,10770.765,9944.639,6254.281,520.134,15140.773,22903.846,58023.792,22060.73,4142.124,19243.395,3627.243,5967.217,6316.311,1428.254,43096.923,5444.535,75737.175,14459.639,1938.228,53038.078,11995.573,8213.661,42298.892,3484.658,6078.292,2176.395,14082.958,25659.248,13023.374,587.32,16075.767,14960.231,4473.269,25210.186,1800.79,821890.216
Jan-2018,9540.195,2707.816,5814.514,8328.821,57512.105,21215.804,10579.943,2420.82,2669.23,3108.268,30720.319,57.866,4248.752,84581.114,29599.397,14130.27,13475.597,12087.42,10139.75,592.296,17760.739,25558.676,60619.672,26409.135,7109.666,24647.028,3711.874,8245.298,6655.232,1635.612,51148.129,6204.67,91695.116,18820.878,2102.318,60134.423,14669.543,6232.748,52278.882,4130.117,8890.515,2603.688,19823.718,57953.488,10494.513,772.521,21488.889,12237.026,5521.965,26214.282,1974.88,981275.538
Feb-2018,3743.505,2620.422,5225.136,5215.572,54556.216,19523.802,6899.857,1654.586,1813.243,2054.49,12258.552,50.567,4073.87,65052.105,20042.69,11402.774,11040.233,6659.968,4041.294,410.95,11359.792,21075.643,44146.244,22844.605,2622.307,16775.508,3652.151,7112.74,6123.274,1048.311,31552.961,4602.696,64908.41,7889.31,1962.285,39323.138,11721.126,6334.649,33224.057,2521.012,3316.317,2300.094,9777.221,34747.788,8393.267,581.77,11378.813,12079.426,3643.915,22631.511,1896.366,689886.539
Mar-2018,3744.973,2218.836,4686.116,4336.692,53114.542,13764.182,7422.088,2092.446,1929.551,1745.14,15721.162,51.67,3218.447,55218.994,19961.961,8661.481,7132.452,6912.697,2981.683,393.958,13703.25,18654.028,45563.349,17013.929,2270.282,13538.719,2593.787,5054.597,5723.197,1144.109,38285.774,4388.952,68622.047,10994.386,1657.735,43089.116,6469.134,5408.278,38763.364,3031.208,3976.633,1813.689,8418.475,24585.454,9335.491,535.516,13880.577,11112.957,4241.56,18461.594,1748.894,659389.152
Apr-2018,2500.371,1482.691,2404.11,2688.304,32039.369,9740.47,5284.854,1177.572,994.185,1576.407,8844.162,51.929,1902.191,43888.671,13648.328,7088.065,5824.279,4228.587,2355.566,276.551,7348.867,12332.715,33125.694,13486.977,1558.36,10119.175,1936.468,4214.83,2890.69,767.88,23748.435,2020.172,48644.155,4513.849,1233.348,30110.02,5506.401,3483.076,23113.261,1956.432,1950.373,1443.729,6088.248,13483.76,4462.808,438.724,6767.132,7325.263,2439.269,15087.262,1253.549,440847.584
May-2018,1116.087,1032.499,1732.089,986.79,26758.553,5538.643,2010.157,371.553,377.286,1154.799,4736.238,49.29,812.382,12424.78,3687.177,1841.069,1683.067,1219.965,1527.481,115.949,3409.502,4487.968,8804.138,4376.383,671.868,2292.929,888.586,1544.5,2002.923,238.678,7903.513,1116.845,19183.729,1306.52,598.018,6013.498,1686.409,1518.391,6647.939,475.964,735.228,629.904,2216.879,8214.037,2311.008,185.335,2316.047,2831.227,592.054,4026.335,617.238,169019.447
Jun-2018,724.99,672.286,1329.584,643.278,21805.787,2629.736,1282.533,199.818,266.586,991.824,3980.85,50.167,665.239,8979.214,2012.655,1187.432,1327.426,759.247,1204.285,74.945,1859.269,2835.278,5594.26,2934.158,493.1,1785.902,572.082,789.737,1611.569,180.667,6133.729,797.553,12523.313,1014.8,234.456,4692.378,1161.714,1298.879,4538.476,428.024,509.006,251.577,1216.299,5448.296,2030.455,113.415,1590.988,2449.277,385.491,2658.835,323.136,119244.001
Jul-2018,694.019,500.074,1122.764,544.527,19783.632,2507.344,1065.713,179.014,280.752,817.532,3928.044,46.159,555.26,7517.041,2210.228,957.98,1027.758,699.664,1170.242,49.575,1558.62,2486.14,5127.522,2194.018,504.53,1665.262,370.991,766.664,1256.413,143.156,4943.698,787.549,11061.62,922.518,156.381,4782.767,1060.934,945.195,4166.211,385.602,481.155,209.592,1105.128,4909.703,1594.537,83.065,1705.311,2010.139,329.824,2325.44,221.337,105918.344
Aug-2018,701.103,590.762,1049.768,564.099,15058.24,2666.687,951.053,179.117,286.094,757.626,4104.887,47.07,575.033,7464.923,2110.289,1073.004,1121.153,754.508,1083.683,55.131,1466.231,2364.262,5879.356,2457.305,551.528,1661.039,397.309,608.345,1154.176,156.221,4473.072,847.39,9912.083,1005.074,171.008,4728.422,1116.31,897.239,4119.686,393.267,503.082,196.274,931.344,4989.001,1553.185,75.108,1546.761,1584.695,297.171,2343.126,207.397,99780.697
Sep-2018,663.36,754.549,1132.262,606.695,19153.703,3134.165,1052.166,157.374,264.009,845.055,3894.374,45.204,744.503,8068.077,2477.439,1299.235,1436.419,855.912,1265.207,60.964,1520.681,2645.138,6018.486,2826.142,494.572,1742.58,483.777,686.533,1407.504,179.06,4871.512,808.042,10717.919,976.914,194.413,5106.164,1196.748,1233.754,4390.385,377.118,493.937,214.673,1130.435,5131.913,1645.765,86.74,1665.773,2610.357,347.724,2943.416,258.599,112317.446
Oct-2018,1013.519,1319.216,1673.016,1292.509,22606.627,8616.771,2514.786,402.356,528.351,854.96,6319.412,44.047,1750.422,23490.076,7277.756,3748.805,3196.924,2558.1,1717.251,171.496,3592.871,5128.163,21589.911,9050.629,931.062,5268.876,1747.857,2113.918,2031.475,269.71,11138.237,1749.496,23307.314,2409.061,945.012,17160.314,1852.008,2638.752,12758.88,1277.987,929.235,933.654,2056.007,8068.251,4541.461,181.784,3463.813,6119.526,1311.099,8780.13,875.365,255318.258
Nov-2018,4124.239,2096.098,3171.111,4142.071,38251.003,15984.463,6067.293,1362.297,1612.065,1192.703,17175.715,46.824,3791.262,57934.633,19465.028,8960.451,9211.601,6935.925,4382.065,385.258,10100.46,13874.712,42283.133,17398.176,3081.904,16218.589,2773.015,4872.096,4051.867,1049.835,26587.058,4857.241,55995.799,10479.38,1607.17,40553.133,9117.581,5387.623,30817.609,2455.64,4122.521,1534.063,8686.897,23135.284,8907.264,435.502,8890.345,10052.067,3134.787,18651.867,1572.266,598976.989
Dec-2018,6159.31,2611.664,5784.288,5629.373,63274.771,22827.888,7969.635,1878.718,2090.545,1993.425,21401.018,49.06,5149.817,63597.983,21713.732,10599.466,10656.986,7804.213,5969.033,492.223,12716.539,18853.403,48209.77,20408.754,4137.245,18222.325,3490.956,6369.756,6928.762,1320.874,36798.858,6257.179,69121.221,12928.837,1818.816,45538.97,11782.346,7246.114,37903.194,3090.497,6086.064,2148.695,13351.514,36360.805,12145.592,591.644,14341.962,13155.21,4010.722,20397.022,2193.36,765580.154
Jan-2019,7973.261,2803.232,8470.98,6631.371,67256.952,23587.314,9800.302,2514.521,2100.783,2450.544,24577.496,57.783,4979.842,85556.339,29860.118,14277.429,14023.556,10700.262,7279.166,566.248,16821.474,25428.539,64400.812,26463.836,4764.317,23132.985,3575.405,7568.292,8520.137,1638.566,44554.876,8222.419,88836.667,15210.517,2390.764,57776.254,14396.571,7302.348,50391.483,3781.355,6470.653,2657.203,15502.611,45204.505,13812.857,757.794,18499.786,13304.308,5016.522,29084.155,2215.057,953170.567
Feb-2019,3792.514,2265.218,7427.991,5127.097,74192.412,20864.679,8188.734,2084.364,2150.333,2168.583,15173.435,50.949,4695.32,71860.476,23480.491,12609.688,12915.26,7555.985,4907.177,511.198,14652.716,20379.398,51520.005,24707.698,2901.274,19790.258,4742.075,7792.107,8075.878,1338.161,38557.347,6616.014,73688.539,9943.166,2535.816,47361.942,12542.881,7976.751,40217.658,3061.446,4302.171,2763.224,10247.452,38166.803,11743.463,679.882,14416.591,15672.62,3676.962,24515.842,2115.521,808723.565
Mar-2019,3972.565,2125.388,5638.222,5714.091,51706.426,19642.346,7201.477,1729.752,1651.187,1678.198,14618.01,55.03,3526.849,60875.316,20902.8,10039.366,9360.072,7153.213,4241.576,423.04,11781.527,19438.62,46659.634,18683.488,2991.126,15498.909,3332.369,6194.27,6324.128,1129.505,34457.092,4615.491,70166.601,9501.965,1763.963,43223.19,9429.133,5942.874,35444.411,2783.09,3680.229,2105.105,9928.626,33326.277,9211.887,573.109,11686.084,10490.748,3841.792,19697.442,1986.359,688143.968
Apr-2019,1904.304,1442.08,2746.056,1983.916,30632.432,9680.409,3791.584,688.873,744.985,1556.23,6864.05,50.677,1890.667,30473.338,8727.082,4652.226,3260.144,2265.202,2441.876,259.62,3795.515,9991.907,24615.262,10080.544,1174.098,5245.965,1581.266,2527.001,3021.382,609.8,14837.962,2631.61,34354.813,3080.564,916.701,19036.86,3480.6,3332.37,14431.743,1374.401,1668.072,1144.229,3402.696,16989.993,3969.847,382.766,4450.675,6194.714,1355.215,11515.422,1171.462,328421.206
May-2019,1143.828,981.509,2084.478,1291.998,30648.688,7697.117,2278.263,363.094,395.196,1189.52,4606.803,50.983,1138.33,18871.104,4786.439,2710.018,1911.379,1196.125,1555.33,167.315,2928.3,6378.362,13513.108,6454.816,588.862,3230.813,1079.459,1744.726,2254.078,375.479,9825.096,1786.333,22276.689,1363.03,573.924,10284.999,2165.367,1692.311,8448.172,859.539,583.761,734.148,1598.712,7912.854,4706.591,224.383,1926.18,3193.598,653.671,7050.223,866.14,212341.241
Jun-2019,852.702,531.124,1510.316,620.807,21322.283,3956.999,1337.751,191.53,291.527,924.438,4111.58,44.386,730.16,9751.193,2560.298,1383.239,1178.266,911.467,1210.724,82.87,1748.907,3221.868,7075.317,3111.217,479.49,1940.281,828.811,901.278,1806.798,181.851,6643.97,1107.847,12464.567,1438.829,233.935,5378.445,1510.818,1297.016,4855.038,443.949,543.92,282.993,1185.666,6613.139,2032.025,128.221,1813.185,2415.266,314.043,3126.863,527.934,129157.147
Jul-2019,765.255,412.823,1207.703,627.242,21403.264,1028.164,1024.515,184.242,228.451,813.118,6701.009,46.661,577.983,7813.292,2169.093,1102.428,1168.039,794.406,1057.438,48.824,1571.778,2700.426,5554.124,2233.835,519.773,1752.395,520.926,767.213,1453.016,149.643,4899.737,1005.068,10210.764,974.624,178.604,4854.753,1239.571,962.268,4013.051,342.416,505.355,243.518,1100.658,6208.139,2005.369,81.572,1474.732,1973.698,331.283,2366.452,260.646,111629.357
Aug-2019,655.762,455.912,1088.28,541.288,18497.942,2748.893,932.678,167.765,271.83,821.192,3952.139,44.045,552.442,7331.926,2012.589,1113.685,1024.593,766.049,1248.505,49.454,1488.412,2599.814,5128.35,2284.986,526.967,1667.779,268.599,702.518,1310.281,149.984,4207.142,1062.123,9734.863,1014.696,185.97,4305.906,1117.585,959.277,3930.537,360.264,490.802,214.071,909.915,5213.393,1552.086,81.455,1485.733,1703.949,343.328,2349.881,212.409,101840.044
Sep-2019,705.256,823.339,1169.834,564.752,18490.099,3100.552,1066.245,178.1,252.879,885.932,3811.411,43.005,863.802,7867.337,2415.631,1084.296,1248.971,743.163,1170.849,64.045,1543.809,2902.051,5674.141,2678.631,422.591,1609.637,443.968,642.723,1519.967,187.218,5000.399,969.898,10274.938,1021.406,197.701,4873.623,1068.885,1405.067,4201.96,423.39,535.681,219.62,1139.305,5045.184,1916.454,90.144,1501.529,2621.641,297.202,2606.505,189.987,109774.753
Oct-2019,980.221,1446.698,1800.459,921.248,25563.496,10442.751,1974.225,288.47,245.696,935.503,5453.379,44.806,2818.41,21239.054,6697.568,4263.044,3902.875,1834.766,1506.598,141.394,2202.747,4917.678,18571.009,8284.751,795.574,5497.541,1327.523,1597.086,2426.92,252.572,8747.043,2111.812,17556.941,1766.086,600.006,12187.425,1624.485,4322.447,7969.913,933.017,718.558,765.425,1691.903,7327.878,3612.222,139.806,2259.84,8230.334,1089.494,9003.976,589.805,231622.478
Nov-2019,2825.357,1978.465,2993.869,4256.479,43975.168,17684.911,6140.42,1266.271,1481.034,1189.551,14859.091,41.751,4168.749,56522.881,18941.922,8180.06,8052.93,6903.653,4122.549,353.584,9799.436,14990.764,43458.448,17332.674,3231.282,14237.412,2952.686,5379.694,3862.443,625.654,28230.328,5034.336,52628.732,9944.535,1542.016,36355.054,8608.251,5687.247,23738.075,2399.14,3863.131,1703.37,10191.281,24293.179,8204.689,422.332,8689.505,11276.602,3171.892,19033.545,1847.274,588673.702
Dec-2019,5044.499,2685.498,5946.602,5438.108,60982.845,22258.288,8491.682,1986.354,2250.816,1952.361,18521.038,45.964,4860.575,59858.348,20251.787,9969.539,10077.145,7952.794,5277.391,466.506,13510.466,22166.176,46083.62,22260.9,3722.874,17007.069,3279.204,5822.036,7356.195,1395.981,39094.047,7221.547,71422.454,12688.331,2004.113,44441.808,10706.155,7047.145,38988.731,3129.513,5508.732,1975.894,11787.546,31828.059,13170.793,577.931,13626.947,12889.573,3758.281,21240.594,2073.947,752104.802
Jan-2020,5623.664,3652.528,8424.516,6195.166,70232.331,21670.981,8340.72,2043.627,1939.033,,21092.806,54.485,4622.477,69840.494,23630.446,12422.81,12274.617,8569.514,,498.373,15280.134,19335.238,51756.342,,4077.872,20675.275,3467.439,7590.392,8302.163,1275.607,43676.99,6920.608,73082.839,12930.618,2454.98,46020.205,11563.662,6819.224,39637.064,3118.79,5835.224,2566.981,12768.703,38096.215,12308.046,624.244,14028.093,13005.515,4223.247,22909.245,2067.15,820510.355
Feb-2020,5258.908,2748.783,6890.908,5061.331,52703.828,20684.927,8293.091,,1806.372,2135.598,19284.784,48.884,4433.591,66413.797,23335.45,11018.61,10360.185,8416.608,4811.004,461.254,12064.356,17419.821,51990.826,,3768.956,18400.649,3084.687,6055.476,6716.481,1192.435,30993.664,,65689.674,10616.618,2015.535,47512.043,10926.326,6263.188,35859.208,2775.248,5216.776,2142.232,12708.064,34256.989,10782.296,609.959,11518.606,10966.669,3987.244,22529.652,2049.056,732603.419
Mar-2020,2607.268,2611.212,4675.162,4386.489,52770.065,12624.615,5797.698,,1186.88,,10678.976,51.076,3141.831,46335.333,15588.007,7323.99,6586.385,4689.637,3007.771,370.674,8222.71,14351.865,36787.696,15290.981,2179.248,10409.328,2684.398,4588.976,5341.597,867.066,24117.988,4765.605,52223.674,5725.366,1578.107,32234.913,6060.202,5856.241,25256.857,2202.071,2683.968,1521.383,,18708.172,6919.41,419.33,7297.375,,2660.19,16224.687,1748.873,524857.664
Apr-2020,1639.77,1576.885,3109.592,2027.841,,12252.695,4838.798,,907.101,1473.398,7419.582,57.353,2086.996,33320.143,9813.582,5168.21,4535.034,3206.911,2018.162,282.683,5885.002,11751.963,26901.152,9815.778,,6250.223,1732.498,2978.14,3572.458,645.975,20541.742,2453.969,40428.191,3483.88,1124.58,23477.003,4279.358,3288.241,19820.274,1824.49,1405.355,1224.978,4015.77,10546.84,,368.079,4926.744,6508.324,1930.822,12160.309,1402.533,375432.028
May-2020,1203.885,924.412,1938.578,1463.356,27770.292,5251.577,2636.643,556.001,580.585,,5774.837,49.901,1282.878,20180.101,6011.877,2587.252,2120.441,1806.206,1654.114,163.909,3862.914,5903.097,16489.382,5197.617,738.049,3745.728,1266.666,1632.152,2327.406,326.504,12650.516,1229.737,25912.519,2629.475,511.517,15431.827,2269.417,2164.976,12796.664,871.374,1142.416,543.205,,8322.187,2819.696,238.24,,3900.937,940.348,6360.551,746.825,235016.157
Jun-2020,816.843,610.873,1558.642,663.942,22897.379,3465.984,1595.744,238.106,303.706,,4295.598,49.893,892.325,9771.48,2528.215,1385.362,1212.582,829.125,1374.648,71.696,2026.861,3193.34,6492.291,,665.823,1956.689,773.245,1075.772,1962.874,156.22,6631.059,1049.934,13001.386,,233.153,5954.803,1315.975,1574.838,5656.234,431.467,689.652,288.56,1518.391,7010.322,2864.793,121.91,1944.689,2786.087,668.617,2794.122,397.355,135813.356
Jul-2020,713.392,498.114,1328.034,588.045,22572.318,2803.951,1213.46,188.677,259.55,936.172,3949.27,50.552,596.721,7540.834,2174.437,,1193.447,765.338,1392.818,53.534,1871.289,2811.865,5546.302,2590.192,606.945,1770.458,547.542,826.409,1584.051,160.357,6384.957,1078.409,11144.011,,190.477,4801.501,,1169.506,3758.743,424.276,521.934,209.65,1172.512,6835.486,2114.739,85.374,1743.947,2344.523,322.048,2469.177,248.368,117920.823
Aug-2020,687,548.454,1138.93,518.399,19821.285,2892.413,1046.501,166.036,229.675,917.585,4023.024,49.528,597.289,7694.567,2218.338,1109.864,1063.736,720.179,1220.189,52.889,1358.098,2046.003,5472.442,2699.532,581.777,1833.46,405.512,755.172,1316.351,138.405,4566.534,1001.023,10194.926,1094.778,209.635,5151.453,1248.539,999.75,3933.216,424.45,480.916,207.702,1155.681,6428.289,1719.168,77.993,1592,1993.71,315.135,2521.6,199.347,108838.477
Sep-2020,794.467,886.001,1251.678,627.609,19003.905,4247.411,1148.118,201.136,262.246,904.437,4335.49,45.644,799.442,9032.211,2946.613,1547.786,1383.222,891.021,1523.444,66.876,1770.971,2942.028,8318.022,3428.033,589.435,2096.808,467.495,834.658,1533.377,182.939,5311.676,1168.101,11243.693,1411.233,248.65,5753.796,1454.802,1156.105,4533.658,452.931,627.66,270.322,1287.412,6452.885,1895.707,102.709,1782.323,2302.853,500.351,3167.271,289.642,125476.304
Oct-2020,1097.242,1675.259,1670.076,1159.317,23145.481,10233.039,,338.486,350.874,1067.072,5501.309,47.653,1856.815,24254.561,7593.023,4148.915,4260.125,2082.853,1980.084,,3247.698,,22201.655,9621.309,901.539,3875.777,,1595.069,2045.891,221.453,8860.863,1740.307,17381.147,2045.862,564.187,12498.977,1769.047,2910.283,9673.335,535.227,903.947,639.83,2160.626,,2417.867,148.722,3174.738,6445.71,1071.637,10400.154,567.622,240080.246
Nov-2020,2504.979,2603.942,3011.827,2586.575,45649.959,15888.254,,845.857,955.947,1342.881,10773.228,44.957,4176.558,36411.429,12579.916,5950.397,5823.331,4382.171,3063.826,271.881,6660.832,,30281.362,14166.527,2125.548,9765.729,2327.033,3422.981,4009.242,484.466,19767.516,3564.682,39102.208,6050.393,1433.021,25958.036,5636.476,6042.794,18946.564,1727.541,2230.589,1233.786,5676.326,16177.202,5752.163,319.159,5991.144,11118.393,2085.375,12232.935,1532.6,439020.652
Dec-2020,4771.408,2685.56,5886.468,5791.762,67508.742,23246.823,6828.737,1924.942,2094.56,2155.212,22743.6,52.602,5444.669,64329.422,23946.621,10757.214,10335.542,9306.844,6158.208,423.524,12125.433,18904.188,50083.482,20223.884,4266.594,18630.482,3172.874,6090.128,7206.862,1238.268,38105.584,7031.254,70585.091,14723.834,1906.916,47909.432,11619.564,7264.207,38218.935,3112.351,6566.979,2075.598,14282.369,39667.326,14161.558,521.123,14519.954,12924.176,3904.011,22160.795,2151.153,791746.866

